train_loss,epoch,step
0.013488266617059708,0,49
0.011656050570309162,0,99
0.008326795883476734,1,149
