train_loss,epoch,step
0.008860881440341473,0,49
0.008466889150440693,0,99
0.0029290821403265,0,149
