{"train_loss": 0.009646523743867874, "epoch": 0, "trainer/global_step": 999, "_timestamp": 1680113810.2160878, "_runtime": 351.6467127799988, "_step": 20}