train_loss,epoch,step
0.008066942915320396,0,49
0.010773461312055588,0,99
0.01413862407207489,0,149
