{"train_loss": 0.008839301764965057, "epoch": 0, "trainer/global_step": 399, "_timestamp": 1680113226.334711, "_runtime": 807.6957221031189, "_step": 9}