train_loss,epoch,step
0.005524181295186281,0,49
0.007943571545183659,0,99
0.0047509740106761456,0,149
0.0036622164770960808,0,199
